commit_time,commit_id,gpu_index,folder,kernel,arch,compile_status,run_status,verify_passed,timing_avg_ms,tflops,status,compile_log,run_log,notes
"20260320_224644","d9d7baa75d56","0","blockscale_gemm","blockscale_gemm_dyn_sm90.co","sm_90a","ok","ok","1","0.0464102","370.174","ok","/home/kiki/choreo/build/kernel-batch/20260320_224644_d9d7baa75d56/logs/benchmark__performance__blockscale_gemm__blockscale_gemm_dyn_sm90.compile.log","/home/kiki/choreo/build/kernel-batch/20260320_224644_d9d7baa75d56/logs/benchmark__performance__blockscale_gemm__blockscale_gemm_dyn_sm90.run.log",""
"20260320_224644","d9d7baa75d56","0","blockscale_gemm","blockscale_gemm_e4m3_dyn_sm90_warpspec_1p1c.co","sm_90a","ok","ok","1","0.0515795","333.075","ok","/home/kiki/choreo/build/kernel-batch/20260320_224644_d9d7baa75d56/logs/benchmark__performance__blockscale_gemm__blockscale_gemm_e4m3_dyn_sm90_warpspec_1p1c.compile.log","/home/kiki/choreo/build/kernel-batch/20260320_224644_d9d7baa75d56/logs/benchmark__performance__blockscale_gemm__blockscale_gemm_e4m3_dyn_sm90_warpspec_1p1c.run.log",""
"20260320_224644","d9d7baa75d56","0","blockscale_gemm","blockscale_gemm_e4m3_dyn_sm90_warpspec_1p1c_m2048_n2048_k2048.co","sm_90a","ok","ok","0","","","verify_failed","/home/kiki/choreo/build/kernel-batch/20260320_224644_d9d7baa75d56/logs/benchmark__performance__blockscale_gemm__blockscale_gemm_e4m3_dyn_sm90_warpspec_1p1c_m2048_n2048_k2048.compile.log","/home/kiki/choreo/build/kernel-batch/20260320_224644_d9d7baa75d56/logs/benchmark__performance__blockscale_gemm__blockscale_gemm_e4m3_dyn_sm90_warpspec_1p1c_m2048_n2048_k2048.run.log","missing Test Passed marker"
"20260320_224644","d9d7baa75d56","0","blockscale_gemm","blockscale_gemm_fp8_dynamic.co","","fail(134)","skipped","0","","","compile_failed","/home/kiki/choreo/build/kernel-batch/20260320_224644_d9d7baa75d56/logs/benchmark__performance__blockscale_gemm__blockscale_gemm_fp8_dynamic.compile.log","/home/kiki/choreo/build/kernel-batch/20260320_224644_d9d7baa75d56/logs/benchmark__performance__blockscale_gemm__blockscale_gemm_fp8_dynamic.run.log","compile failed"
"20260320_224644","d9d7baa75d56","0","blockscale_gemm","blockscale_gemm_fp8_static.co","","fail(134)","skipped","0","","","compile_failed","/home/kiki/choreo/build/kernel-batch/20260320_224644_d9d7baa75d56/logs/benchmark__performance__blockscale_gemm__blockscale_gemm_fp8_static.compile.log","/home/kiki/choreo/build/kernel-batch/20260320_224644_d9d7baa75d56/logs/benchmark__performance__blockscale_gemm__blockscale_gemm_fp8_static.run.log","compile failed"
"20260320_224644","d9d7baa75d56","0","blockscale_gemm","blockscale_gemm_fp8_static_fusion.co","","fail(134)","skipped","0","","","compile_failed","/home/kiki/choreo/build/kernel-batch/20260320_224644_d9d7baa75d56/logs/benchmark__performance__blockscale_gemm__blockscale_gemm_fp8_static_fusion.compile.log","/home/kiki/choreo/build/kernel-batch/20260320_224644_d9d7baa75d56/logs/benchmark__performance__blockscale_gemm__blockscale_gemm_fp8_static_fusion.run.log","compile failed"
"20260320_224644","d9d7baa75d56","0","blockscale_gemm_v2","blockscale_gemm_e4m3_dyn_sm90.co","sm_90a","ok","ok","1","0.0396978","432.767","ok","/home/kiki/choreo/build/kernel-batch/20260320_224644_d9d7baa75d56/logs/benchmark__performance__blockscale_gemm_v2__blockscale_gemm_e4m3_dyn_sm90.compile.log","/home/kiki/choreo/build/kernel-batch/20260320_224644_d9d7baa75d56/logs/benchmark__performance__blockscale_gemm_v2__blockscale_gemm_e4m3_dyn_sm90.run.log",""
"20260320_224644","d9d7baa75d56","0","blockscale_gemm_v2","blockscale_gemm_e4m3_dyn_sm90_rhs_scale_dma_smem.co","sm_90a","ok","ok","1","0.0407708","421.376","ok","/home/kiki/choreo/build/kernel-batch/20260320_224644_d9d7baa75d56/logs/benchmark__performance__blockscale_gemm_v2__blockscale_gemm_e4m3_dyn_sm90_rhs_scale_dma_smem.compile.log","/home/kiki/choreo/build/kernel-batch/20260320_224644_d9d7baa75d56/logs/benchmark__performance__blockscale_gemm_v2__blockscale_gemm_e4m3_dyn_sm90_rhs_scale_dma_smem.run.log",""
"20260320_224644","d9d7baa75d56","0","blockscale_gemm_v2","blockscale_gemm_e4m3_dyn_sm90_tileN.co","sm_90a","ok","ok","1","0.100038","171.733","ok","/home/kiki/choreo/build/kernel-batch/20260320_224644_d9d7baa75d56/logs/benchmark__performance__blockscale_gemm_v2__blockscale_gemm_e4m3_dyn_sm90_tileN.compile.log","/home/kiki/choreo/build/kernel-batch/20260320_224644_d9d7baa75d56/logs/benchmark__performance__blockscale_gemm_v2__blockscale_gemm_e4m3_dyn_sm90_tileN.run.log",""
"20260320_224644","d9d7baa75d56","0","blockscale_gemm_v2","blockscale_gemm_e4m3_dyn_sm90_warpspec_1p1c.co","sm_90a","ok","ok","1","0.036743","467.568","ok","/home/kiki/choreo/build/kernel-batch/20260320_224644_d9d7baa75d56/logs/benchmark__performance__blockscale_gemm_v2__blockscale_gemm_e4m3_dyn_sm90_warpspec_1p1c.compile.log","/home/kiki/choreo/build/kernel-batch/20260320_224644_d9d7baa75d56/logs/benchmark__performance__blockscale_gemm_v2__blockscale_gemm_e4m3_dyn_sm90_warpspec_1p1c.run.log",""
"20260320_224644","d9d7baa75d56","0","blockscale_gemm_v2","blockscale_gemm_e4m3_dyn_sm90_warpspec_1p1c_rhs_scale_dma_smem.co","sm_90a","fail(1)","skipped","0","","","compile_failed","/home/kiki/choreo/build/kernel-batch/20260320_224644_d9d7baa75d56/logs/benchmark__performance__blockscale_gemm_v2__blockscale_gemm_e4m3_dyn_sm90_warpspec_1p1c_rhs_scale_dma_smem.compile.log","/home/kiki/choreo/build/kernel-batch/20260320_224644_d9d7baa75d56/logs/benchmark__performance__blockscale_gemm_v2__blockscale_gemm_e4m3_dyn_sm90_warpspec_1p1c_rhs_scale_dma_smem.run.log","compile failed"
"20260320_224644","d9d7baa75d56","0","blockscale_gemm_v2","blockscale_gemm_e4m3_dyn_sm90_warpspec_1p1c_scale_dma_smem.co","sm_90a","fail(2)","skipped","0","","","compile_failed","/home/kiki/choreo/build/kernel-batch/20260320_224644_d9d7baa75d56/logs/benchmark__performance__blockscale_gemm_v2__blockscale_gemm_e4m3_dyn_sm90_warpspec_1p1c_scale_dma_smem.compile.log","/home/kiki/choreo/build/kernel-batch/20260320_224644_d9d7baa75d56/logs/benchmark__performance__blockscale_gemm_v2__blockscale_gemm_e4m3_dyn_sm90_warpspec_1p1c_scale_dma_smem.run.log","compile failed"
"20260320_224644","d9d7baa75d56","0","blockscale_gemm_v2","blockscale_gemm_e4m3_dyn_sm90_warpspec_persis_1p1c.co","sm_90a","ok","ok","1","0.081968","209.592","ok","/home/kiki/choreo/build/kernel-batch/20260320_224644_d9d7baa75d56/logs/benchmark__performance__blockscale_gemm_v2__blockscale_gemm_e4m3_dyn_sm90_warpspec_persis_1p1c.compile.log","/home/kiki/choreo/build/kernel-batch/20260320_224644_d9d7baa75d56/logs/benchmark__performance__blockscale_gemm_v2__blockscale_gemm_e4m3_dyn_sm90_warpspec_persis_1p1c.run.log",""
"20260320_224644","d9d7baa75d56","0","blockscale_gemm_v2","blockscale_gemm_e4m3_dyn_sm90_warpspec_persis_1p1c_rhs_scale_dma_smem.co","sm_90a","fail(1)","skipped","0","","","compile_failed","/home/kiki/choreo/build/kernel-batch/20260320_224644_d9d7baa75d56/logs/benchmark__performance__blockscale_gemm_v2__blockscale_gemm_e4m3_dyn_sm90_warpspec_persis_1p1c_rhs_scale_dma_smem.compile.log","/home/kiki/choreo/build/kernel-batch/20260320_224644_d9d7baa75d56/logs/benchmark__performance__blockscale_gemm_v2__blockscale_gemm_e4m3_dyn_sm90_warpspec_persis_1p1c_rhs_scale_dma_smem.run.log","compile failed"
"20260320_224644","d9d7baa75d56","0","gemm_sp","gemm_sp_e4m3.co","","fail(134)","skipped","0","","","compile_failed","/home/kiki/choreo/build/kernel-batch/20260320_224644_d9d7baa75d56/logs/benchmark__performance__gemm_sp__gemm_sp_e4m3.compile.log","/home/kiki/choreo/build/kernel-batch/20260320_224644_d9d7baa75d56/logs/benchmark__performance__gemm_sp__gemm_sp_e4m3.run.log","compile failed"
"20260320_224644","d9d7baa75d56","0","gemm_sp","gemm_sp_e4m3_dyn_sm90_warpspec_1p1c_swizzle128_128_prepack.co","sm_90a","ok","ok","1","0.6967","789.085","ok","/home/kiki/choreo/build/kernel-batch/20260320_224644_d9d7baa75d56/logs/benchmark__performance__gemm_sp__gemm_sp_e4m3_dyn_sm90_warpspec_1p1c_swizzle128_128_prepack.compile.log","/home/kiki/choreo/build/kernel-batch/20260320_224644_d9d7baa75d56/logs/benchmark__performance__gemm_sp__gemm_sp_e4m3_dyn_sm90_warpspec_1p1c_swizzle128_128_prepack.run.log",""
"20260320_224644","d9d7baa75d56","0","gemm_sp","gemm_sp_e4m3_dyn_sm90_warpspec_1p1c_swizzle128_128_prepack_regctrl.co","sm_90a","ok","ok","0","","","verify_failed","/home/kiki/choreo/build/kernel-batch/20260320_224644_d9d7baa75d56/logs/benchmark__performance__gemm_sp__gemm_sp_e4m3_dyn_sm90_warpspec_1p1c_swizzle128_128_prepack_regctrl.compile.log","/home/kiki/choreo/build/kernel-batch/20260320_224644_d9d7baa75d56/logs/benchmark__performance__gemm_sp__gemm_sp_e4m3_dyn_sm90_warpspec_1p1c_swizzle128_128_prepack_regctrl.run.log","missing Test Passed marker"
"20260320_224644","d9d7baa75d56","0","gemm_sp","gemm_sp_e4m3_dyn_sm90_warpspec_1p1c_swizzle32_64.co","sm_90a","ok","ok","1","0.763855","719.712","ok","/home/kiki/choreo/build/kernel-batch/20260320_224644_d9d7baa75d56/logs/benchmark__performance__gemm_sp__gemm_sp_e4m3_dyn_sm90_warpspec_1p1c_swizzle32_64.compile.log","/home/kiki/choreo/build/kernel-batch/20260320_224644_d9d7baa75d56/logs/benchmark__performance__gemm_sp__gemm_sp_e4m3_dyn_sm90_warpspec_1p1c_swizzle32_64.run.log",""
"20260320_224644","d9d7baa75d56","0","gemm_sp","gemm_sp_e4m3_dyn_sm90_warpspec_1p1c_swizzle32_64_prepack.co","sm_90a","ok","ok","1","0.87498","628.307","ok","/home/kiki/choreo/build/kernel-batch/20260320_224644_d9d7baa75d56/logs/benchmark__performance__gemm_sp__gemm_sp_e4m3_dyn_sm90_warpspec_1p1c_swizzle32_64_prepack.compile.log","/home/kiki/choreo/build/kernel-batch/20260320_224644_d9d7baa75d56/logs/benchmark__performance__gemm_sp__gemm_sp_e4m3_dyn_sm90_warpspec_1p1c_swizzle32_64_prepack.run.log",""
"20260320_224644","d9d7baa75d56","0","gemm_sp","gemm_sp_e4m3_dyn_sm90_warpspec_1p1c_swizzle32_64_prepack_regctrl.co","sm_90a","ok","ok","0","","","verify_failed","/home/kiki/choreo/build/kernel-batch/20260320_224644_d9d7baa75d56/logs/benchmark__performance__gemm_sp__gemm_sp_e4m3_dyn_sm90_warpspec_1p1c_swizzle32_64_prepack_regctrl.compile.log","/home/kiki/choreo/build/kernel-batch/20260320_224644_d9d7baa75d56/logs/benchmark__performance__gemm_sp__gemm_sp_e4m3_dyn_sm90_warpspec_1p1c_swizzle32_64_prepack_regctrl.run.log","missing Test Passed marker"
"20260320_224644","d9d7baa75d56","0","gemm_sp","gemm_sp_e4m3_dyn_sm90_warpspec_1p1c_swizzle64_128_prepack.co","sm_90a","ok","ok","1","0.677821","811.064","ok","/home/kiki/choreo/build/kernel-batch/20260320_224644_d9d7baa75d56/logs/benchmark__performance__gemm_sp__gemm_sp_e4m3_dyn_sm90_warpspec_1p1c_swizzle64_128_prepack.compile.log","/home/kiki/choreo/build/kernel-batch/20260320_224644_d9d7baa75d56/logs/benchmark__performance__gemm_sp__gemm_sp_e4m3_dyn_sm90_warpspec_1p1c_swizzle64_128_prepack.run.log",""
"20260320_224644","d9d7baa75d56","0","gemm_sp","gemm_sp_e4m3_dyn_sm90_warpspec_1p1c_swizzle64_128_prepack_regctrl.co","sm_90a","ok","ok","0","","","verify_failed","/home/kiki/choreo/build/kernel-batch/20260320_224644_d9d7baa75d56/logs/benchmark__performance__gemm_sp__gemm_sp_e4m3_dyn_sm90_warpspec_1p1c_swizzle64_128_prepack_regctrl.compile.log","/home/kiki/choreo/build/kernel-batch/20260320_224644_d9d7baa75d56/logs/benchmark__performance__gemm_sp__gemm_sp_e4m3_dyn_sm90_warpspec_1p1c_swizzle64_128_prepack_regctrl.run.log","missing Test Passed marker"
"20260320_224644","d9d7baa75d56","0","gemm_sp","gemm_sp_e4m3_dyn_sm90_warpspec_1p1c_swizzle64_128_prepack_tbc.co","sm_90a","ok","fail(134)","0","","","run_failed","/home/kiki/choreo/build/kernel-batch/20260320_224644_d9d7baa75d56/logs/benchmark__performance__gemm_sp__gemm_sp_e4m3_dyn_sm90_warpspec_1p1c_swizzle64_128_prepack_tbc.compile.log","/home/kiki/choreo/build/kernel-batch/20260320_224644_d9d7baa75d56/logs/benchmark__performance__gemm_sp__gemm_sp_e4m3_dyn_sm90_warpspec_1p1c_swizzle64_128_prepack_tbc.run.log","runtime failed"
"20260320_224644","d9d7baa75d56","0","gemm_sp","gemm_sp_e4m3_dyn_sm90_warpspec_1p2c_swizzle128_128_prepack.co","sm_90a","ok","ok","1","0.688775","798.164","ok","/home/kiki/choreo/build/kernel-batch/20260320_224644_d9d7baa75d56/logs/benchmark__performance__gemm_sp__gemm_sp_e4m3_dyn_sm90_warpspec_1p2c_swizzle128_128_prepack.compile.log","/home/kiki/choreo/build/kernel-batch/20260320_224644_d9d7baa75d56/logs/benchmark__performance__gemm_sp__gemm_sp_e4m3_dyn_sm90_warpspec_1p2c_swizzle128_128_prepack.run.log",""
"20260320_224644","d9d7baa75d56","0","gemm_sp","gemm_sp_e4m3_dyn_sm90_warpspec_1p2c_swizzle128_128_prepack_regctrl.co","sm_90a","ok","ok","0","","","verify_failed","/home/kiki/choreo/build/kernel-batch/20260320_224644_d9d7baa75d56/logs/benchmark__performance__gemm_sp__gemm_sp_e4m3_dyn_sm90_warpspec_1p2c_swizzle128_128_prepack_regctrl.compile.log","/home/kiki/choreo/build/kernel-batch/20260320_224644_d9d7baa75d56/logs/benchmark__performance__gemm_sp__gemm_sp_e4m3_dyn_sm90_warpspec_1p2c_swizzle128_128_prepack_regctrl.run.log","missing Test Passed marker"
"20260320_224644","d9d7baa75d56","0","gemm_sp","gemm_sp_e4m3_dyn_sm90_warpspec_1p2c_swizzle128_128_prepack_trial.co","sm_90a","ok","ok","1","0.689157","797.722","ok","/home/kiki/choreo/build/kernel-batch/20260320_224644_d9d7baa75d56/logs/benchmark__performance__gemm_sp__gemm_sp_e4m3_dyn_sm90_warpspec_1p2c_swizzle128_128_prepack_trial.compile.log","/home/kiki/choreo/build/kernel-batch/20260320_224644_d9d7baa75d56/logs/benchmark__performance__gemm_sp__gemm_sp_e4m3_dyn_sm90_warpspec_1p2c_swizzle128_128_prepack_trial.run.log",""
"20260320_224644","d9d7baa75d56","0","gemm_sp","gemm_sp_e4m3_dyn_sm90_warpspec_1p2c_swizzle32_64.co","sm_90a","ok","ok","1","0.62335","881.938","ok","/home/kiki/choreo/build/kernel-batch/20260320_224644_d9d7baa75d56/logs/benchmark__performance__gemm_sp__gemm_sp_e4m3_dyn_sm90_warpspec_1p2c_swizzle32_64.compile.log","/home/kiki/choreo/build/kernel-batch/20260320_224644_d9d7baa75d56/logs/benchmark__performance__gemm_sp__gemm_sp_e4m3_dyn_sm90_warpspec_1p2c_swizzle32_64.run.log",""
"20260320_224644","d9d7baa75d56","0","gemm_sp","gemm_sp_e4m3_dyn_sm90_warpspec_1p2c_swizzle32_64_prepack.co","sm_90a","ok","ok","1","0.681459","806.734","ok","/home/kiki/choreo/build/kernel-batch/20260320_224644_d9d7baa75d56/logs/benchmark__performance__gemm_sp__gemm_sp_e4m3_dyn_sm90_warpspec_1p2c_swizzle32_64_prepack.compile.log","/home/kiki/choreo/build/kernel-batch/20260320_224644_d9d7baa75d56/logs/benchmark__performance__gemm_sp__gemm_sp_e4m3_dyn_sm90_warpspec_1p2c_swizzle32_64_prepack.run.log",""
"20260320_224644","d9d7baa75d56","0","gemm_sp","gemm_sp_e4m3_dyn_sm90_warpspec_1p2c_swizzle32_64_prepack_regctrl.co","sm_90a","ok","ok","0","","","verify_failed","/home/kiki/choreo/build/kernel-batch/20260320_224644_d9d7baa75d56/logs/benchmark__performance__gemm_sp__gemm_sp_e4m3_dyn_sm90_warpspec_1p2c_swizzle32_64_prepack_regctrl.compile.log","/home/kiki/choreo/build/kernel-batch/20260320_224644_d9d7baa75d56/logs/benchmark__performance__gemm_sp__gemm_sp_e4m3_dyn_sm90_warpspec_1p2c_swizzle32_64_prepack_regctrl.run.log","missing Test Passed marker"
"20260320_224644","d9d7baa75d56","0","gemm_sp","gemm_sp_e4m3_dyn_sm90_warpspec_1p2c_swizzle64_128_prepack.co","sm_90a","ok","ok","1","0.689787","796.993","ok","/home/kiki/choreo/build/kernel-batch/20260320_224644_d9d7baa75d56/logs/benchmark__performance__gemm_sp__gemm_sp_e4m3_dyn_sm90_warpspec_1p2c_swizzle64_128_prepack.compile.log","/home/kiki/choreo/build/kernel-batch/20260320_224644_d9d7baa75d56/logs/benchmark__performance__gemm_sp__gemm_sp_e4m3_dyn_sm90_warpspec_1p2c_swizzle64_128_prepack.run.log",""
"20260320_224644","d9d7baa75d56","0","gemm_sp","gemm_sp_e4m3_dyn_sm90_warpspec_1p2c_swizzle64_128_prepack_regctrl.co","sm_90a","ok","ok","0","","","verify_failed","/home/kiki/choreo/build/kernel-batch/20260320_224644_d9d7baa75d56/logs/benchmark__performance__gemm_sp__gemm_sp_e4m3_dyn_sm90_warpspec_1p2c_swizzle64_128_prepack_regctrl.compile.log","/home/kiki/choreo/build/kernel-batch/20260320_224644_d9d7baa75d56/logs/benchmark__performance__gemm_sp__gemm_sp_e4m3_dyn_sm90_warpspec_1p2c_swizzle64_128_prepack_regctrl.run.log","missing Test Passed marker"
"20260320_224644","d9d7baa75d56","0","gemm_sp","gemm_sp_e4m3_dyn_sm90_warpspec_1p2c_swizzle64_128_prepack_tbc.co","sm_90a","ok","ok","1","0.744182","738.739","ok","/home/kiki/choreo/build/kernel-batch/20260320_224644_d9d7baa75d56/logs/benchmark__performance__gemm_sp__gemm_sp_e4m3_dyn_sm90_warpspec_1p2c_swizzle64_128_prepack_tbc.compile.log","/home/kiki/choreo/build/kernel-batch/20260320_224644_d9d7baa75d56/logs/benchmark__performance__gemm_sp__gemm_sp_e4m3_dyn_sm90_warpspec_1p2c_swizzle64_128_prepack_tbc.run.log",""
"20260320_224644","d9d7baa75d56","0","gemm_sp","gemm_sp_e4m3_dynamic_sm90_swizzle32_64.co","sm_90a","ok","ok","1","1.08909","504.784","ok","/home/kiki/choreo/build/kernel-batch/20260320_224644_d9d7baa75d56/logs/benchmark__performance__gemm_sp__gemm_sp_e4m3_dynamic_sm90_swizzle32_64.compile.log","/home/kiki/choreo/build/kernel-batch/20260320_224644_d9d7baa75d56/logs/benchmark__performance__gemm_sp__gemm_sp_e4m3_dynamic_sm90_swizzle32_64.run.log",""
"20260320_224644","d9d7baa75d56","0","gemm_sp","gemm_sp_e4m3_dynamic_sm90_swizzle32_64_prepack.co","sm_90a","ok","ok","1","1.02445","536.635","ok","/home/kiki/choreo/build/kernel-batch/20260320_224644_d9d7baa75d56/logs/benchmark__performance__gemm_sp__gemm_sp_e4m3_dynamic_sm90_swizzle32_64_prepack.compile.log","/home/kiki/choreo/build/kernel-batch/20260320_224644_d9d7baa75d56/logs/benchmark__performance__gemm_sp__gemm_sp_e4m3_dynamic_sm90_swizzle32_64_prepack.run.log",""
"20260320_224644","d9d7baa75d56","0","gemm_sp","gemm_sp_e4m3_dynamic_sm90_swizzle64_128.co","sm_90a","ok","ok","1","0.889143","618.298","ok","/home/kiki/choreo/build/kernel-batch/20260320_224644_d9d7baa75d56/logs/benchmark__performance__gemm_sp__gemm_sp_e4m3_dynamic_sm90_swizzle64_128.compile.log","/home/kiki/choreo/build/kernel-batch/20260320_224644_d9d7baa75d56/logs/benchmark__performance__gemm_sp__gemm_sp_e4m3_dynamic_sm90_swizzle64_128.run.log",""
"20260320_224644","d9d7baa75d56","0","gemm_sp","gemm_sp_e4m3_dynamic_sm90_swizzle64_128_prepack.co","sm_90a","ok","ok","1","0.712139","771.978","ok","/home/kiki/choreo/build/kernel-batch/20260320_224644_d9d7baa75d56/logs/benchmark__performance__gemm_sp__gemm_sp_e4m3_dynamic_sm90_swizzle64_128_prepack.compile.log","/home/kiki/choreo/build/kernel-batch/20260320_224644_d9d7baa75d56/logs/benchmark__performance__gemm_sp__gemm_sp_e4m3_dynamic_sm90_swizzle64_128_prepack.run.log",""
"20260320_224644","d9d7baa75d56","0","gemm_sp","gemm_sp_e4m3_swizzlex128x128.co","","fail(134)","skipped","0","","","compile_failed","/home/kiki/choreo/build/kernel-batch/20260320_224644_d9d7baa75d56/logs/benchmark__performance__gemm_sp__gemm_sp_e4m3_swizzlex128x128.compile.log","/home/kiki/choreo/build/kernel-batch/20260320_224644_d9d7baa75d56/logs/benchmark__performance__gemm_sp__gemm_sp_e4m3_swizzlex128x128.run.log","compile failed"
"20260320_224644","d9d7baa75d56","0","gemm_sp","gemm_sp_e4m3_swizzlex64x128.co","","fail(134)","skipped","0","","","compile_failed","/home/kiki/choreo/build/kernel-batch/20260320_224644_d9d7baa75d56/logs/benchmark__performance__gemm_sp__gemm_sp_e4m3_swizzlex64x128.compile.log","/home/kiki/choreo/build/kernel-batch/20260320_224644_d9d7baa75d56/logs/benchmark__performance__gemm_sp__gemm_sp_e4m3_swizzlex64x128.run.log","compile failed"
"20260320_224644","d9d7baa75d56","0","gemm_sp","gemm_sp_e4m3_warpspec_1p2c.co","","fail(134)","skipped","0","","","compile_failed","/home/kiki/choreo/build/kernel-batch/20260320_224644_d9d7baa75d56/logs/benchmark__performance__gemm_sp__gemm_sp_e4m3_warpspec_1p2c.compile.log","/home/kiki/choreo/build/kernel-batch/20260320_224644_d9d7baa75d56/logs/benchmark__performance__gemm_sp__gemm_sp_e4m3_warpspec_1p2c.run.log","compile failed"
"20260320_224644","d9d7baa75d56","0","gemm_sp","gemm_sp_f16.co","","fail(134)","skipped","0","","","compile_failed","/home/kiki/choreo/build/kernel-batch/20260320_224644_d9d7baa75d56/logs/benchmark__performance__gemm_sp__gemm_sp_f16.compile.log","/home/kiki/choreo/build/kernel-batch/20260320_224644_d9d7baa75d56/logs/benchmark__performance__gemm_sp__gemm_sp_f16.run.log","compile failed"
"20260320_224644","d9d7baa75d56","0","gemm_sp","gemm_sp_f16_dyn_sm90_warpspec_1p1c_swizzle128_128.co","sm_90a","ok","fail(134)","0","","","run_failed","/home/kiki/choreo/build/kernel-batch/20260320_224644_d9d7baa75d56/logs/benchmark__performance__gemm_sp__gemm_sp_f16_dyn_sm90_warpspec_1p1c_swizzle128_128.compile.log","/home/kiki/choreo/build/kernel-batch/20260320_224644_d9d7baa75d56/logs/benchmark__performance__gemm_sp__gemm_sp_f16_dyn_sm90_warpspec_1p1c_swizzle128_128.run.log","runtime failed"
"20260320_224644","d9d7baa75d56","0","gemm_sp","gemm_sp_f16_dyn_sm90_warpspec_1p1c_swizzle128_128_prepack.co","sm_90a","ok","ok","1","1.5095","364.197","ok","/home/kiki/choreo/build/kernel-batch/20260320_224644_d9d7baa75d56/logs/benchmark__performance__gemm_sp__gemm_sp_f16_dyn_sm90_warpspec_1p1c_swizzle128_128_prepack.compile.log","/home/kiki/choreo/build/kernel-batch/20260320_224644_d9d7baa75d56/logs/benchmark__performance__gemm_sp__gemm_sp_f16_dyn_sm90_warpspec_1p1c_swizzle128_128_prepack.run.log",""
"20260320_224644","d9d7baa75d56","0","gemm_sp","gemm_sp_f16_dyn_sm90_warpspec_1p1c_swizzle128_128_prepack_trial.co","sm_90a","ok","ok","1","1.3162","417.684","ok","/home/kiki/choreo/build/kernel-batch/20260320_224644_d9d7baa75d56/logs/benchmark__performance__gemm_sp__gemm_sp_f16_dyn_sm90_warpspec_1p1c_swizzle128_128_prepack_trial.compile.log","/home/kiki/choreo/build/kernel-batch/20260320_224644_d9d7baa75d56/logs/benchmark__performance__gemm_sp__gemm_sp_f16_dyn_sm90_warpspec_1p1c_swizzle128_128_prepack_trial.run.log",""
"20260320_224644","d9d7baa75d56","0","gemm_sp","gemm_sp_f16_dyn_sm90_warpspec_1p1c_swizzle64_128.co","sm_90a","ok","fail(134)","0","","","run_failed","/home/kiki/choreo/build/kernel-batch/20260320_224644_d9d7baa75d56/logs/benchmark__performance__gemm_sp__gemm_sp_f16_dyn_sm90_warpspec_1p1c_swizzle64_128.compile.log","/home/kiki/choreo/build/kernel-batch/20260320_224644_d9d7baa75d56/logs/benchmark__performance__gemm_sp__gemm_sp_f16_dyn_sm90_warpspec_1p1c_swizzle64_128.run.log","runtime failed"
"20260320_224644","d9d7baa75d56","0","gemm_sp","gemm_sp_f16_dyn_sm90_warpspec_1p1c_swizzle64_128_prepack.co","sm_90a","ok","ok","1","1.25024","439.719","ok","/home/kiki/choreo/build/kernel-batch/20260320_224644_d9d7baa75d56/logs/benchmark__performance__gemm_sp__gemm_sp_f16_dyn_sm90_warpspec_1p1c_swizzle64_128_prepack.compile.log","/home/kiki/choreo/build/kernel-batch/20260320_224644_d9d7baa75d56/logs/benchmark__performance__gemm_sp__gemm_sp_f16_dyn_sm90_warpspec_1p1c_swizzle64_128_prepack.run.log",""
"20260320_224644","d9d7baa75d56","0","gemm_sp","gemm_sp_f16_dyn_sm90_warpspec_1p2c_swizzle128_128.co","sm_90a","ok","fail(134)","0","","","run_failed","/home/kiki/choreo/build/kernel-batch/20260320_224644_d9d7baa75d56/logs/benchmark__performance__gemm_sp__gemm_sp_f16_dyn_sm90_warpspec_1p2c_swizzle128_128.compile.log","/home/kiki/choreo/build/kernel-batch/20260320_224644_d9d7baa75d56/logs/benchmark__performance__gemm_sp__gemm_sp_f16_dyn_sm90_warpspec_1p2c_swizzle128_128.run.log","runtime failed"
"20260320_224644","d9d7baa75d56","0","gemm_sp","gemm_sp_f16_dyn_sm90_warpspec_1p2c_swizzle128_128_prepack.co","sm_90a","ok","ok","1","1.5206","361.538","ok","/home/kiki/choreo/build/kernel-batch/20260320_224644_d9d7baa75d56/logs/benchmark__performance__gemm_sp__gemm_sp_f16_dyn_sm90_warpspec_1p2c_swizzle128_128_prepack.compile.log","/home/kiki/choreo/build/kernel-batch/20260320_224644_d9d7baa75d56/logs/benchmark__performance__gemm_sp__gemm_sp_f16_dyn_sm90_warpspec_1p2c_swizzle128_128_prepack.run.log",""
"20260320_224644","d9d7baa75d56","0","gemm_sp","gemm_sp_f16_dyn_sm90_warpspec_1p2c_swizzle64_128.co","sm_90a","ok","fail(134)","0","","","run_failed","/home/kiki/choreo/build/kernel-batch/20260320_224644_d9d7baa75d56/logs/benchmark__performance__gemm_sp__gemm_sp_f16_dyn_sm90_warpspec_1p2c_swizzle64_128.compile.log","/home/kiki/choreo/build/kernel-batch/20260320_224644_d9d7baa75d56/logs/benchmark__performance__gemm_sp__gemm_sp_f16_dyn_sm90_warpspec_1p2c_swizzle64_128.run.log","runtime failed"
"20260320_224644","d9d7baa75d56","0","gemm_sp","gemm_sp_f16_dyn_sm90_warpspec_1p2c_swizzle64_128_prepack.co","sm_90a","ok","ok","1","1.2897","426.265","ok","/home/kiki/choreo/build/kernel-batch/20260320_224644_d9d7baa75d56/logs/benchmark__performance__gemm_sp__gemm_sp_f16_dyn_sm90_warpspec_1p2c_swizzle64_128_prepack.compile.log","/home/kiki/choreo/build/kernel-batch/20260320_224644_d9d7baa75d56/logs/benchmark__performance__gemm_sp__gemm_sp_f16_dyn_sm90_warpspec_1p2c_swizzle64_128_prepack.run.log",""
"20260320_224644","d9d7baa75d56","0","gemm_sp","gemm_sp_f16_dynamic_sm90_swizzle128_128.co","sm_90a","ok","fail(134)","0","1.50015","366.467","run_failed","/home/kiki/choreo/build/kernel-batch/20260320_224644_d9d7baa75d56/logs/benchmark__performance__gemm_sp__gemm_sp_f16_dynamic_sm90_swizzle128_128.compile.log","/home/kiki/choreo/build/kernel-batch/20260320_224644_d9d7baa75d56/logs/benchmark__performance__gemm_sp__gemm_sp_f16_dynamic_sm90_swizzle128_128.run.log","runtime failed"
"20260320_224644","d9d7baa75d56","0","gemm_sp","gemm_sp_f16_dynamic_sm90_swizzle64_128.co","sm_90a","ok","ok","1","1.34804","407.82","ok","/home/kiki/choreo/build/kernel-batch/20260320_224644_d9d7baa75d56/logs/benchmark__performance__gemm_sp__gemm_sp_f16_dynamic_sm90_swizzle64_128.compile.log","/home/kiki/choreo/build/kernel-batch/20260320_224644_d9d7baa75d56/logs/benchmark__performance__gemm_sp__gemm_sp_f16_dynamic_sm90_swizzle64_128.run.log",""
"20260320_224644","d9d7baa75d56","0","gemm_sp","gemm_sp_f16_dynamic_sm90_swizzle64_128_prepack.co","sm_90a","ok","ok","1","1.35546","405.587","ok","/home/kiki/choreo/build/kernel-batch/20260320_224644_d9d7baa75d56/logs/benchmark__performance__gemm_sp__gemm_sp_f16_dynamic_sm90_swizzle64_128_prepack.compile.log","/home/kiki/choreo/build/kernel-batch/20260320_224644_d9d7baa75d56/logs/benchmark__performance__gemm_sp__gemm_sp_f16_dynamic_sm90_swizzle64_128_prepack.run.log",""
"20260320_224644","d9d7baa75d56","0","gemm_sp","gemm_sp_f16_prepack.co","","fail(134)","skipped","0","","","compile_failed","/home/kiki/choreo/build/kernel-batch/20260320_224644_d9d7baa75d56/logs/benchmark__performance__gemm_sp__gemm_sp_f16_prepack.compile.log","/home/kiki/choreo/build/kernel-batch/20260320_224644_d9d7baa75d56/logs/benchmark__performance__gemm_sp__gemm_sp_f16_prepack.run.log","compile failed"
"20260320_224644","d9d7baa75d56","0","gemm_sp","gemm_sp_f16_prepack_swizzlex128x128.co","","fail(134)","skipped","0","","","compile_failed","/home/kiki/choreo/build/kernel-batch/20260320_224644_d9d7baa75d56/logs/benchmark__performance__gemm_sp__gemm_sp_f16_prepack_swizzlex128x128.compile.log","/home/kiki/choreo/build/kernel-batch/20260320_224644_d9d7baa75d56/logs/benchmark__performance__gemm_sp__gemm_sp_f16_prepack_swizzlex128x128.run.log","compile failed"
"20260320_224644","d9d7baa75d56","0","gemm_sp","gemm_sp_f16_swizzlex128x128.co","","fail(134)","skipped","0","","","compile_failed","/home/kiki/choreo/build/kernel-batch/20260320_224644_d9d7baa75d56/logs/benchmark__performance__gemm_sp__gemm_sp_f16_swizzlex128x128.compile.log","/home/kiki/choreo/build/kernel-batch/20260320_224644_d9d7baa75d56/logs/benchmark__performance__gemm_sp__gemm_sp_f16_swizzlex128x128.run.log","compile failed"
"20260320_224644","d9d7baa75d56","0","gemm_sp","gemm_sp_f16_warpspec_1p2c.co","","fail(134)","skipped","0","","","compile_failed","/home/kiki/choreo/build/kernel-batch/20260320_224644_d9d7baa75d56/logs/benchmark__performance__gemm_sp__gemm_sp_f16_warpspec_1p2c.compile.log","/home/kiki/choreo/build/kernel-batch/20260320_224644_d9d7baa75d56/logs/benchmark__performance__gemm_sp__gemm_sp_f16_warpspec_1p2c.run.log","compile failed"
"20260320_224644","d9d7baa75d56","0","gemm_sp","gemm_sp_f16_warpspec_1p3c.co","","fail(134)","skipped","0","","","compile_failed","/home/kiki/choreo/build/kernel-batch/20260320_224644_d9d7baa75d56/logs/benchmark__performance__gemm_sp__gemm_sp_f16_warpspec_1p3c.compile.log","/home/kiki/choreo/build/kernel-batch/20260320_224644_d9d7baa75d56/logs/benchmark__performance__gemm_sp__gemm_sp_f16_warpspec_1p3c.run.log","compile failed"
"20260320_224644","d9d7baa75d56","0","matmul","matmul_e4m3_dyn_persis_colmajor_sm90.co","sm_90a","ok","ok","1","0.0761464","225.616","ok","/home/kiki/choreo/build/kernel-batch/20260320_224644_d9d7baa75d56/logs/benchmark__performance__matmul__matmul_e4m3_dyn_persis_colmajor_sm90.compile.log","/home/kiki/choreo/build/kernel-batch/20260320_224644_d9d7baa75d56/logs/benchmark__performance__matmul__matmul_e4m3_dyn_persis_colmajor_sm90.run.log",""
"20260320_224644","d9d7baa75d56","0","matmul","matmul_e4m3_dyn_persis_hilbert_sm90.co","sm_90a","ok","ok","1","0.068885","249.399","ok","/home/kiki/choreo/build/kernel-batch/20260320_224644_d9d7baa75d56/logs/benchmark__performance__matmul__matmul_e4m3_dyn_persis_hilbert_sm90.compile.log","/home/kiki/choreo/build/kernel-batch/20260320_224644_d9d7baa75d56/logs/benchmark__performance__matmul__matmul_e4m3_dyn_persis_hilbert_sm90.run.log",""
"20260320_224644","d9d7baa75d56","0","matmul","matmul_e4m3_dyn_persis_sta_sm90.co","sm_90a","ok","ok","1","0.0769016","223.401","ok","/home/kiki/choreo/build/kernel-batch/20260320_224644_d9d7baa75d56/logs/benchmark__performance__matmul__matmul_e4m3_dyn_persis_sta_sm90.compile.log","/home/kiki/choreo/build/kernel-batch/20260320_224644_d9d7baa75d56/logs/benchmark__performance__matmul__matmul_e4m3_dyn_persis_sta_sm90.run.log",""
"20260320_224644","d9d7baa75d56","0","matmul","matmul_e4m3_dyn_persis_swizzle_sm90.co","sm_90a","ok","ok","1","0.0692343","248.141","ok","/home/kiki/choreo/build/kernel-batch/20260320_224644_d9d7baa75d56/logs/benchmark__performance__matmul__matmul_e4m3_dyn_persis_swizzle_sm90.compile.log","/home/kiki/choreo/build/kernel-batch/20260320_224644_d9d7baa75d56/logs/benchmark__performance__matmul__matmul_e4m3_dyn_persis_swizzle_sm90.run.log",""
"20260320_224644","d9d7baa75d56","0","matmul","matmul_e4m3_dyn_sm90_warpspec_1p1c.co","sm_90a","ok","ok","1","0.0350814","489.714","ok","/home/kiki/choreo/build/kernel-batch/20260320_224644_d9d7baa75d56/logs/benchmark__performance__matmul__matmul_e4m3_dyn_sm90_warpspec_1p1c.compile.log","/home/kiki/choreo/build/kernel-batch/20260320_224644_d9d7baa75d56/logs/benchmark__performance__matmul__matmul_e4m3_dyn_sm90_warpspec_1p1c.run.log",""
"20260320_224644","d9d7baa75d56","0","matmul","matmul_e4m3_dyn_sm90_warpspec_1p1c_m2048_n2048_k2048.co","sm_90a","ok","ok","1","0.033958","505.916","ok","/home/kiki/choreo/build/kernel-batch/20260320_224644_d9d7baa75d56/logs/benchmark__performance__matmul__matmul_e4m3_dyn_sm90_warpspec_1p1c_m2048_n2048_k2048.compile.log","/home/kiki/choreo/build/kernel-batch/20260320_224644_d9d7baa75d56/logs/benchmark__performance__matmul__matmul_e4m3_dyn_sm90_warpspec_1p1c_m2048_n2048_k2048.run.log",""
"20260320_224644","d9d7baa75d56","0","matmul","matmul_e4m3_dyn_sm90_warpspec_1p1c_m2048_n2048_k2048_tbc.co","sm_90a","ok","ok","1","0.0387308","443.572","ok","/home/kiki/choreo/build/kernel-batch/20260320_224644_d9d7baa75d56/logs/benchmark__performance__matmul__matmul_e4m3_dyn_sm90_warpspec_1p1c_m2048_n2048_k2048_tbc.compile.log","/home/kiki/choreo/build/kernel-batch/20260320_224644_d9d7baa75d56/logs/benchmark__performance__matmul__matmul_e4m3_dyn_sm90_warpspec_1p1c_m2048_n2048_k2048_tbc.run.log",""
"20260320_224644","d9d7baa75d56","0","matmul","matmul_e4m3_dynamic_mwg_sm90.co","sm_90a","ok","ok","1","0.0395885","433.961","ok","/home/kiki/choreo/build/kernel-batch/20260320_224644_d9d7baa75d56/logs/benchmark__performance__matmul__matmul_e4m3_dynamic_mwg_sm90.compile.log","/home/kiki/choreo/build/kernel-batch/20260320_224644_d9d7baa75d56/logs/benchmark__performance__matmul__matmul_e4m3_dynamic_mwg_sm90.run.log",""
"20260320_224644","d9d7baa75d56","0","matmul","matmul_e4m3_dynamic_sm90.co","sm_90a","ok","ok","1","0.0360346","476.761","ok","/home/kiki/choreo/build/kernel-batch/20260320_224644_d9d7baa75d56/logs/benchmark__performance__matmul__matmul_e4m3_dynamic_sm90.compile.log","/home/kiki/choreo/build/kernel-batch/20260320_224644_d9d7baa75d56/logs/benchmark__performance__matmul__matmul_e4m3_dynamic_sm90.run.log",""
"20260320_224644","d9d7baa75d56","0","matmul","matmul_e4m3_dynamic_sm90_tbc.co","sm_90a","ok","ok","1","0.0351345","488.975","ok","/home/kiki/choreo/build/kernel-batch/20260320_224644_d9d7baa75d56/logs/benchmark__performance__matmul__matmul_e4m3_dynamic_sm90_tbc.compile.log","/home/kiki/choreo/build/kernel-batch/20260320_224644_d9d7baa75d56/logs/benchmark__performance__matmul__matmul_e4m3_dynamic_sm90_tbc.run.log",""
"20260320_224644","d9d7baa75d56","0","matmul","matmul_f16_dyn_persis_1p3c_sm90.co","sm_90a","ok","ok","1","0.966426","142.214","ok","/home/kiki/choreo/build/kernel-batch/20260320_224644_d9d7baa75d56/logs/benchmark__performance__matmul__matmul_f16_dyn_persis_1p3c_sm90.compile.log","/home/kiki/choreo/build/kernel-batch/20260320_224644_d9d7baa75d56/logs/benchmark__performance__matmul__matmul_f16_dyn_persis_1p3c_sm90.run.log",""
"20260320_224644","d9d7baa75d56","0","matmul","matmul_f16_dyn_persis_colmajor_sm86.co","sm_86","ok","ok","1","123.805","0.138766","ok","/home/kiki/choreo/build/kernel-batch/20260320_224644_d9d7baa75d56/logs/benchmark__performance__matmul__matmul_f16_dyn_persis_colmajor_sm86.compile.log","/home/kiki/choreo/build/kernel-batch/20260320_224644_d9d7baa75d56/logs/benchmark__performance__matmul__matmul_f16_dyn_persis_colmajor_sm86.run.log",""
"20260320_224644","d9d7baa75d56","0","matmul","matmul_f16_dyn_persis_colmajor_sm90.co","sm_90a","ok","ok","1","0.134748","127.497","ok","/home/kiki/choreo/build/kernel-batch/20260320_224644_d9d7baa75d56/logs/benchmark__performance__matmul__matmul_f16_dyn_persis_colmajor_sm90.compile.log","/home/kiki/choreo/build/kernel-batch/20260320_224644_d9d7baa75d56/logs/benchmark__performance__matmul__matmul_f16_dyn_persis_colmajor_sm90.run.log",""
"20260320_224644","d9d7baa75d56","0","matmul","matmul_f16_dyn_persis_hilbert_sm86.co","sm_86","ok","ok","1","117.502","0.146209","ok","/home/kiki/choreo/build/kernel-batch/20260320_224644_d9d7baa75d56/logs/benchmark__performance__matmul__matmul_f16_dyn_persis_hilbert_sm86.compile.log","/home/kiki/choreo/build/kernel-batch/20260320_224644_d9d7baa75d56/logs/benchmark__performance__matmul__matmul_f16_dyn_persis_hilbert_sm86.run.log",""
"20260320_224644","d9d7baa75d56","0","matmul","matmul_f16_dyn_persis_hilbert_sm90.co","sm_90a","ok","ok","1","0.119161","144.174","ok","/home/kiki/choreo/build/kernel-batch/20260320_224644_d9d7baa75d56/logs/benchmark__performance__matmul__matmul_f16_dyn_persis_hilbert_sm90.compile.log","/home/kiki/choreo/build/kernel-batch/20260320_224644_d9d7baa75d56/logs/benchmark__performance__matmul__matmul_f16_dyn_persis_hilbert_sm90.run.log",""
"20260320_224644","d9d7baa75d56","0","matmul","matmul_f16_dyn_persis_sta_sm86.co","sm_86","ok","ok","1","122.915","0.13977","ok","/home/kiki/choreo/build/kernel-batch/20260320_224644_d9d7baa75d56/logs/benchmark__performance__matmul__matmul_f16_dyn_persis_sta_sm86.compile.log","/home/kiki/choreo/build/kernel-batch/20260320_224644_d9d7baa75d56/logs/benchmark__performance__matmul__matmul_f16_dyn_persis_sta_sm86.run.log",""
"20260320_224644","d9d7baa75d56","0","matmul","matmul_f16_dyn_persis_sta_sm90.co","sm_90a","ok","ok","1","0.165906","103.552","ok","/home/kiki/choreo/build/kernel-batch/20260320_224644_d9d7baa75d56/logs/benchmark__performance__matmul__matmul_f16_dyn_persis_sta_sm90.compile.log","/home/kiki/choreo/build/kernel-batch/20260320_224644_d9d7baa75d56/logs/benchmark__performance__matmul__matmul_f16_dyn_persis_sta_sm90.run.log",""
"20260320_224644","d9d7baa75d56","0","matmul","matmul_f16_dyn_persis_swizzle_sm86.co","sm_86","ok","ok","1","117.598","0.146089","ok","/home/kiki/choreo/build/kernel-batch/20260320_224644_d9d7baa75d56/logs/benchmark__performance__matmul__matmul_f16_dyn_persis_swizzle_sm86.compile.log","/home/kiki/choreo/build/kernel-batch/20260320_224644_d9d7baa75d56/logs/benchmark__performance__matmul__matmul_f16_dyn_persis_swizzle_sm86.run.log",""
"20260320_224644","d9d7baa75d56","0","matmul","matmul_f16_dyn_persis_swizzle_sm90.co","sm_90a","ok","ok","1","0.121201","141.747","ok","/home/kiki/choreo/build/kernel-batch/20260320_224644_d9d7baa75d56/logs/benchmark__performance__matmul__matmul_f16_dyn_persis_swizzle_sm90.compile.log","/home/kiki/choreo/build/kernel-batch/20260320_224644_d9d7baa75d56/logs/benchmark__performance__matmul__matmul_f16_dyn_persis_swizzle_sm90.run.log",""
"20260320_224644","d9d7baa75d56","0","matmul","matmul_f16_dyn_sm86.co","sm_86","ok","ok","1","17.6828","0.971559","ok","/home/kiki/choreo/build/kernel-batch/20260320_224644_d9d7baa75d56/logs/benchmark__performance__matmul__matmul_f16_dyn_sm86.compile.log","/home/kiki/choreo/build/kernel-batch/20260320_224644_d9d7baa75d56/logs/benchmark__performance__matmul__matmul_f16_dyn_sm86.run.log",""
"20260320_224644","d9d7baa75d56","0","matmul","matmul_f16_dyn_sm90.co","sm_90a","ok","ok","1","0.0624173","275.242","ok","/home/kiki/choreo/build/kernel-batch/20260320_224644_d9d7baa75d56/logs/benchmark__performance__matmul__matmul_f16_dyn_sm90.compile.log","/home/kiki/choreo/build/kernel-batch/20260320_224644_d9d7baa75d56/logs/benchmark__performance__matmul__matmul_f16_dyn_sm90.run.log",""
"20260320_224644","d9d7baa75d56","0","matmul","matmul_f16_dyn_sm90_tbc.co","sm_90a","ok","ok","1","0.0578113","297.171","ok","/home/kiki/choreo/build/kernel-batch/20260320_224644_d9d7baa75d56/logs/benchmark__performance__matmul__matmul_f16_dyn_sm90_tbc.compile.log","/home/kiki/choreo/build/kernel-batch/20260320_224644_d9d7baa75d56/logs/benchmark__performance__matmul__matmul_f16_dyn_sm90_tbc.run.log",""
"20260320_224644","d9d7baa75d56","0","matmul","matmul_f16_dyn_sm90_warpspec_1p1c.co","sm_90a","ok","ok","1","0.0563284","304.995","ok","/home/kiki/choreo/build/kernel-batch/20260320_224644_d9d7baa75d56/logs/benchmark__performance__matmul__matmul_f16_dyn_sm90_warpspec_1p1c.compile.log","/home/kiki/choreo/build/kernel-batch/20260320_224644_d9d7baa75d56/logs/benchmark__performance__matmul__matmul_f16_dyn_sm90_warpspec_1p1c.run.log",""
"20260320_224644","d9d7baa75d56","0","matmul","matmul_f16_dyn_sm90_warpspec_1p1c_persis_sta.co","sm_90a","ok","ok","1","0.0658214","261.007","ok","/home/kiki/choreo/build/kernel-batch/20260320_224644_d9d7baa75d56/logs/benchmark__performance__matmul__matmul_f16_dyn_sm90_warpspec_1p1c_persis_sta.compile.log","/home/kiki/choreo/build/kernel-batch/20260320_224644_d9d7baa75d56/logs/benchmark__performance__matmul__matmul_f16_dyn_sm90_warpspec_1p1c_persis_sta.run.log",""
"20260320_224644","d9d7baa75d56","0","matmul","matmul_f16_dyn_sm90_warpspec_1p2c.co","sm_90a","ok","ok","1","0.0684163","251.108","ok","/home/kiki/choreo/build/kernel-batch/20260320_224644_d9d7baa75d56/logs/benchmark__performance__matmul__matmul_f16_dyn_sm90_warpspec_1p2c.compile.log","/home/kiki/choreo/build/kernel-batch/20260320_224644_d9d7baa75d56/logs/benchmark__performance__matmul__matmul_f16_dyn_sm90_warpspec_1p2c.run.log",""
"20260320_224644","d9d7baa75d56","0","matmul","matmul_f16_dyn_sm90_warpspec_1p2c_persis_sta.co","sm_90a","ok","ok","1","0.0825507","208.113","ok","/home/kiki/choreo/build/kernel-batch/20260320_224644_d9d7baa75d56/logs/benchmark__performance__matmul__matmul_f16_dyn_sm90_warpspec_1p2c_persis_sta.compile.log","/home/kiki/choreo/build/kernel-batch/20260320_224644_d9d7baa75d56/logs/benchmark__performance__matmul__matmul_f16_dyn_sm90_warpspec_1p2c_persis_sta.run.log",""
"20260320_224644","d9d7baa75d56","0","matmul","matmul_f16_dyn_sm90_warpspec_1p3c.co","sm_90a","ok","ok","1","0.0628496","273.349","ok","/home/kiki/choreo/build/kernel-batch/20260320_224644_d9d7baa75d56/logs/benchmark__performance__matmul__matmul_f16_dyn_sm90_warpspec_1p3c.compile.log","/home/kiki/choreo/build/kernel-batch/20260320_224644_d9d7baa75d56/logs/benchmark__performance__matmul__matmul_f16_dyn_sm90_warpspec_1p3c.run.log",""
"20260320_224644","d9d7baa75d56","0","matmul","matmul_f16_dyn_sm90_warpspec_1p3c_persis_sta.co","sm_90a","ok","ok","1","0.0596348","288.085","ok","/home/kiki/choreo/build/kernel-batch/20260320_224644_d9d7baa75d56/logs/benchmark__performance__matmul__matmul_f16_dyn_sm90_warpspec_1p3c_persis_sta.compile.log","/home/kiki/choreo/build/kernel-batch/20260320_224644_d9d7baa75d56/logs/benchmark__performance__matmul__matmul_f16_dyn_sm90_warpspec_1p3c_persis_sta.run.log",""
"20260320_224644","d9d7baa75d56","0","matmul","matmul_f16_dynamic_mwg_impl_1.co","","fail(134)","skipped","0","","","compile_failed","/home/kiki/choreo/build/kernel-batch/20260320_224644_d9d7baa75d56/logs/benchmark__performance__matmul__matmul_f16_dynamic_mwg_impl_1.compile.log","/home/kiki/choreo/build/kernel-batch/20260320_224644_d9d7baa75d56/logs/benchmark__performance__matmul__matmul_f16_dynamic_mwg_impl_1.run.log","compile failed"
"20260320_224644","d9d7baa75d56","0","matmul","matmul_f16_dynamic_mwg_impl_2.co","","fail(134)","skipped","0","","","compile_failed","/home/kiki/choreo/build/kernel-batch/20260320_224644_d9d7baa75d56/logs/benchmark__performance__matmul__matmul_f16_dynamic_mwg_impl_2.compile.log","/home/kiki/choreo/build/kernel-batch/20260320_224644_d9d7baa75d56/logs/benchmark__performance__matmul__matmul_f16_dynamic_mwg_impl_2.run.log","compile failed"
"20260320_224644","d9d7baa75d56","0","matmul","matmul_f16_dynamic_mwg_impl_3.co","","fail(134)","skipped","0","","","compile_failed","/home/kiki/choreo/build/kernel-batch/20260320_224644_d9d7baa75d56/logs/benchmark__performance__matmul__matmul_f16_dynamic_mwg_impl_3.compile.log","/home/kiki/choreo/build/kernel-batch/20260320_224644_d9d7baa75d56/logs/benchmark__performance__matmul__matmul_f16_dynamic_mwg_impl_3.run.log","compile failed"
"20260320_224644","d9d7baa75d56","0","matmul","matmul_f16_dynamic_mwg_sm90.co","sm_90a","ok","ok","1","0.0683725","251.269","ok","/home/kiki/choreo/build/kernel-batch/20260320_224644_d9d7baa75d56/logs/benchmark__performance__matmul__matmul_f16_dynamic_mwg_sm90.compile.log","/home/kiki/choreo/build/kernel-batch/20260320_224644_d9d7baa75d56/logs/benchmark__performance__matmul__matmul_f16_dynamic_mwg_sm90.run.log",""
"20260320_224644","d9d7baa75d56","0","matmul","matmul_f16_single_tile_stmatrix_perf_sm90.co","sm_90a","ok","ok","1","0.00923482","","ok","/home/kiki/choreo/build/kernel-batch/20260320_224644_d9d7baa75d56/logs/benchmark__performance__matmul__matmul_f16_single_tile_stmatrix_perf_sm90.compile.log","/home/kiki/choreo/build/kernel-batch/20260320_224644_d9d7baa75d56/logs/benchmark__performance__matmul__matmul_f16_single_tile_stmatrix_perf_sm90.run.log",""
"20260320_224644","d9d7baa75d56","0","matmul","matmul_trans_f16_dyn_sm86.co","sm_86","ok","ok","1","17.4374","0.985234","ok","/home/kiki/choreo/build/kernel-batch/20260320_224644_d9d7baa75d56/logs/benchmark__performance__matmul__matmul_trans_f16_dyn_sm86.compile.log","/home/kiki/choreo/build/kernel-batch/20260320_224644_d9d7baa75d56/logs/benchmark__performance__matmul__matmul_trans_f16_dyn_sm86.run.log",""
"20260320_224644","d9d7baa75d56","0","matmul","matmul_trans_f16_dyn_sm90.co","sm_90a","ok","ok","1","0.0618728","277.664","ok","/home/kiki/choreo/build/kernel-batch/20260320_224644_d9d7baa75d56/logs/benchmark__performance__matmul__matmul_trans_f16_dyn_sm90.compile.log","/home/kiki/choreo/build/kernel-batch/20260320_224644_d9d7baa75d56/logs/benchmark__performance__matmul__matmul_trans_f16_dyn_sm90.run.log",""
